{"cameraMode":{"drawMode":0,"name":"Shaded","section":"Shading Mode"},"sceneLighting":true,"audioPlay":false,"sceneViewState":{"m_AlwaysRefresh":false,"showFog":true,"showSkybox":true,"showFlares":true,"showImageEffects":true,"showParticleSystems":true,"showVisualEffectGraphs":true,"m_FxEnabled":true},"in2DMode":false,"pivot":{"x":-0.8858131766319275,"y":-0.3644198775291443,"z":-3.4575705528259279},"rotation":{"x":-0.009704704396426678,"y":0.9889672994613648,"z":-0.12709271907806397,"w":-0.0755048543214798},"size":3.4717485904693605,"orthographic":false}